text,label
I woke up early today and rushed to college because I was already late for my first lecture.,0
The rapid evolution of artificial intelligence is transforming industries and redefining human productivity.,1
Yesterday I played cricket with my friends after class and then completed my assignments.,0
Machine learning algorithms can analyze large-scale datasets with exceptional speed and accuracy.,1
My mother asked me to buy vegetables from the market while returning home from tuition.,0
"In the modern digital landscape, businesses leverage AI-powered analytics to improve decision-making.",1
I spent the evening watching movies and eating snacks with my cousins.,0
Artificial intelligence systems are increasingly capable of generating coherent and context-aware responses.,1
Today the weather was so hot that I could barely walk to the bus stop.,0
The integration of neural networks into automation systems enhances operational efficiency.,1
I forgot my notebook at home and had to borrow paper from my friend.,0
Advanced language models are trained on massive corpora to understand linguistic patterns.,1
After dinner I practiced coding problems for two hours before sleeping.,0
"AI-driven applications are revolutionizing healthcare, finance, and educational technologies.",1
"My phone battery died during class, so I couldn't call anyone.",0
The future of artificial intelligence depends on ethical development and responsible deployment.,1
I like sitting near the window during train journeys because the view feels relaxing.,0
Natural language processing enables computers to interpret and generate human language effectively.,1
My friends and I planned a small trip during the college holidays.,0
Deep learning architectures can extract meaningful representations from complex datasets.,1
I accidentally spilled tea on my desk while studying for exams.,0
Generative AI models have demonstrated remarkable capabilities in text and image creation.,1
"I was tired after returning from college, so I slept early.",0
"AI technologies continue to influence communication, creativity, and business operations globally.",1
We ordered biryani last night and watched football together.,0
Artificial intelligence assists organizations by automating repetitive and time-consuming tasks.,1
I enjoy listening to music while solving programming problems.,0
The implementation of predictive analytics improves strategic planning and resource management.,1
My younger brother keeps using my laptop without permission.,0
Large language models generate responses by predicting the most probable sequence of words.,1
I had to stand in a long queue at the railway station today.,0
"AI research focuses on improving reasoning, adaptability, and contextual understanding.",1
I missed the bus this morning and reached class late.,0
Intelligent systems are increasingly integrated into modern technological infrastructures.,1
I cleaned my room before starting my homework.,0
Automation powered by artificial intelligence enhances productivity across industries.,1
My internet connection stopped working during the online class.,0
Data-driven decision-making is significantly improved through AI-based analytical models.,1
I bought a new notebook and pens for the next semester.,0
"AI applications continue to expand in robotics, cybersecurity, and cloud computing.",1
I usually drink coffee while coding late at night.,0
The advancement of artificial intelligence raises important ethical and societal considerations.,1
I went to the local market with my father in the evening.,0
Neural network optimization techniques improve the performance of machine learning systems.,1
My exam preparation is going slowly because I keep getting distracted.,0
Artificial intelligence has become a transformative force in the modern technological era.,1
I spent most of the weekend completing my college project.,0
AI-powered conversational agents are becoming more sophisticated and user-friendly.,1
The classroom fan stopped working during the lecture today.,0
Modern AI frameworks enable scalable and efficient computational solutions.,1
I ate too much spicy food and felt sick afterward.,0
The widespread adoption of AI technologies is reshaping global economic systems.,1
I reached the station early but the train was delayed again.,0
Artificial intelligence is increasingly influencing global communication systems.,1
My friend forgot his wallet at the restaurant yesterday.,0
Modern machine learning frameworks enable scalable computational analysis.,1
I spent the afternoon finishing my lab assignments.,0
AI-powered recommendation systems personalize user experiences effectively.,1
The electricity went out while I was studying for exams.,0
Natural language models are capable of generating highly coherent responses.,1
I bought a second-hand bicycle from a local shop last week.,0
Advanced neural architectures improve contextual understanding in language tasks.,1
My cousin and I played video games after dinner.,0
Predictive analytics assists organizations in optimizing operational efficiency.,1
I forgot to submit my attendance before the deadline.,0
The integration of AI into healthcare improves diagnostic accuracy.,1
We stayed awake all night preparing for the presentation.,0
Deep learning models require substantial computational resources for training.,1
I couldn't attend class because I wasn't feeling well.,0
AI systems are transforming industries through intelligent automation.,1
I had noodles for dinner while watching a movie.,0
Large-scale data analysis enables better strategic decision-making.,1
